region	sample	hap	flip_hap	n_h1	n_h2	n_none	h1/h1+h2	none/all
chr1-119747586-121609789	GM19129	1	keep	91	23	36	0.798	0.24
chr1-119747586-121609789	GM19129	2	flip	90	24	36	0.789	0.24
chr1-119747586-121609789	GM19434	1	keep	70	63	54	0.526	0.289
chr1-119747586-121609789	GM19434	2	keep	29	70	27	0.293	0.214
chr1-119747586-121609789	HG00171	1	flip	23	98	29	0.19	0.193
chr1-119747586-121609789	HG00171	2	flip	96	24	30	0.8	0.2
chr1-119747586-121609789	HG00512	1	keep	77	48	25	0.616	0.167
chr1-119747586-121609789	HG00512	2	keep	46	83	60	0.357	0.317
chr1-119747586-121609789	HG00513	1	keep	81	42	35	0.659	0.222
chr1-119747586-121609789	HG00513	2	flip	41	19	34	0.683	0.362
chr1-119747586-121609789	HG00514	1	flip	22	97	70	0.185	0.37
chr1-119747586-121609789	HG00514	2	flip	96	12	42	0.889	0.28
chr1-119747586-121609789	HG00731	1	flip	11	37	54	0.229	0.529
chr1-119747586-121609789	HG00731	2	keep	23	32	27	0.418	0.329
chr1-119747586-121609789	HG00732	1	keep	87	24	77	0.784	0.41
chr1-119747586-121609789	HG00732	2	keep	28	82	79	0.255	0.418
chr1-119747586-121609789	HG00733	1	flip	9	52	44	0.148	0.419
chr1-119747586-121609789	HG00733	2	flip	47	12	53	0.797	0.473
chr1-119747586-121609789	HG00864	1	flip	38	104	47	0.268	0.249
chr1-119747586-121609789	HG00864	2	flip	109	38	42	0.741	0.222
chr1-119747586-121609789	HG02018	1	flip	51	62	37	0.451	0.247
chr1-119747586-121609789	HG02018	2	flip	76	33	41	0.697	0.273
chr1-119747586-121609789	HG02282	1	keep	74	66	49	0.529	0.259
chr1-119747586-121609789	HG02282	2	keep	59	75	16	0.44	0.107
chr1-119747586-121609789	HG02769	1	keep	88	46	16	0.657	0.107
chr1-119747586-121609789	HG02769	2	keep	48	95	44	0.336	0.235
chr1-119747586-121609789	HG02818	1	keep	31	17	1	0.646	0.02
chr1-119747586-121609789	HG02818	2	keep	13	33	0	0.283	0
chr1-119747586-121609789	HG02953	1	keep	79	72	36	0.523	0.193
chr1-119747586-121609789	HG02953	2	unclear	1	1	154	0.5	0.987
chr1-119747586-121609789	HG03125	1	keep	151	4	32	0.974	0.171
chr1-119747586-121609789	HG03125	2	keep	2	142	6	0.014	0.04
chr1-119747586-121609789	HG03452	1	flip	62	92	34	0.403	0.181
chr1-119747586-121609789	HG03452	2	flip	91	61	35	0.599	0.187
chr1-119747586-121609789	HG03486	1	flip	49	99	41	0.331	0.217
chr1-119747586-121609789	HG03486	2	flip	96	40	14	0.706	0.093
chr1-119747586-121609789	HG03520	1	keep	91	52	45	0.636	0.239
chr1-119747586-121609789	HG03520	2	keep	48	82	11	0.369	0.078
chr1-119747586-121609789	NA12329	1	unclear	1	1	199	0.5	0.99
chr1-119747586-121609789	NA12329	2	flip	67	23	63	0.744	0.412
chr1-119747586-121609789	NA12878	1	flip	24	66	32	0.267	0.262
chr1-119747586-121609789	NA12878	2	flip	48	25	26	0.658	0.263
chr1-119747586-121609789	NA19036	1	flip	64	84	40	0.432	0.213
chr1-119747586-121609789	NA19036	2	flip	88	66	35	0.571	0.185
chr1-119747586-121609789	NA19238	1	keep	96	23	31	0.807	0.207
chr1-119747586-121609789	NA19238	2	keep	25	95	30	0.208	0.2
chr1-119747586-121609789	NA19239	1	keep	114	26	37	0.814	0.209
chr1-119747586-121609789	NA19239	2	keep	31	109	10	0.221	0.067
chr1-119747586-121609789	NA19240	1	keep	60	1	24	0.984	0.282
chr1-119747586-121609789	NA19240	2	keep	8	46	16	0.148	0.229
chr1-119747586-121609789	NA19983	1	flip	4	149	35	0.026	0.186
chr1-119747586-121609789  NA19983  2  unclear  1  1  178  0.5  0.989
