HG00512	1	chr1-119747586-121609789	cluster10_h1tg000011l:1254884-2753082_1490000-1498197	none
HG00512	1	chr1-119747586-121609789	cluster10_h1tg000011l:1254884-2753082_1480000-1489999	H1
HG00512	1	chr1-119747586-121609789	cluster10_h1tg000011l:1254884-2753082_1470000-1479999	H1
HG00512	1	chr1-119747586-121609789	cluster10_h1tg000011l:1254884-2753082_1460000-1469999	H2
HG00512	1	chr1-119747586-121609789	cluster10_h1tg000011l:1254884-2753082_1450000-1459999	none
HG00512	1	chr1-119747586-121609789	cluster10_h1tg000011l:1254884-2753082_1440000-1449999	H1
HG00512	1	chr1-119747586-121609789	cluster10_h1tg000011l:1254884-2753082_1430000-1439999	H1
HG00512	1	chr1-119747586-121609789	cluster10_h1tg000011l:1254884-2753082_1420000-1429999	none
HG00512	1	chr1-119747586-121609789	cluster10_h1tg000011l:1254884-2753082_1410000-1419999	none
HG00512	1	chr1-119747586-121609789	cluster10_h1tg000011l:1254884-2753082_1400000-1409999	none
HG00512	1	chr1-119747586-121609789	cluster10_h1tg000011l:1254884-2753082_1390000-1399999	H2
HG00512	1	chr1-119747586-121609789	cluster10_h1tg000011l:1254884-2753082_1380000-1389999	none
HG00512	1	chr1-119747586-121609789	cluster10_h1tg000011l:1254884-2753082_1370000-1379999	H2
HG00512	1	chr1-119747586-121609789	cluster10_h1tg000011l:1254884-2753082_1360000-1369999	none
HG00512	1	chr1-119747586-121609789	cluster10_h1tg000011l:1254884-2753082_1350000-1359999	H2
HG00512	1	chr1-119747586-121609789	cluster10_h1tg000011l:1254884-2753082_1340000-1349999	none
HG00512	1	chr1-119747586-121609789	cluster10_h1tg000011l:1254884-2753082_1330000-1339999	H1
HG00512	1	chr1-119747586-121609789	cluster10_h1tg000011l:1254884-2753082_1320000-1329999	none
HG00512	1	chr1-119747586-121609789	cluster10_h1tg000011l:1254884-2753082_1310000-1319999	none
HG00512	1	chr1-119747586-121609789	cluster10_h1tg000011l:1254884-2753082_1300000-1309999	H1
HG00512	1	chr1-119747586-121609789	cluster10_h1tg000011l:1254884-2753082_1290000-1299999	none
HG00512	1	chr1-119747586-121609789	cluster10_h1tg000011l:1254884-2753082_1280000-1289999	H1
HG00512	1	chr1-119747586-121609789	cluster10_h1tg000011l:1254884-2753082_1270000-1279999	none
HG00512	1	chr1-119747586-121609789	cluster10_h1tg000011l:1254884-2753082_1260000-1269999	H1
HG00512	1	chr1-119747586-121609789	cluster10_h1tg000011l:1254884-2753082_1250000-1259999	none
HG00512	1	chr1-119747586-121609789	cluster10_h1tg000011l:1254884-2753082_1240000-1249999	H1
HG00512	1	chr1-119747586-121609789	cluster10_h1tg000011l:1254884-2753082_1230000-1239999	H1
HG00512	1	chr1-119747586-121609789	cluster10_h1tg000011l:1254884-2753082_1220000-1229999	H1
HG00512	1	chr1-119747586-121609789	cluster10_h1tg000011l:1254884-2753082_1210000-1219999	H1
HG00512	1	chr1-119747586-121609789	cluster10_h1tg000011l:1254884-2753082_1200000-1209999	H1
HG00512	1	chr1-119747586-121609789	cluster10_h1tg000011l:1254884-2753082_1190000-1199999	none
HG00512	1	chr1-119747586-121609789	cluster10_h1tg000011l:1254884-2753082_1180000-1189999	H1
HG00512	1	chr1-119747586-121609789	cluster10_h1tg000011l:1254884-2753082_1170000-1179999	none
HG00512	1	chr1-119747586-121609789	cluster10_h1tg000011l:1254884-2753082_1160000-1169999	none
HG00512	1	chr1-119747586-121609789	cluster10_h1tg000011l:1254884-2753082_1150000-1159999	H2
HG00512	1	chr1-119747586-121609789	cluster10_h1tg000011l:1254884-2753082_1140000-1149999	none
HG00512	1	chr1-119747586-121609789	cluster10_h1tg000011l:1254884-2753082_1130000-1139999	none
HG00512	1	chr1-119747586-121609789	cluster10_h1tg000011l:1254884-2753082_1120000-1129999	H2
HG00512	1	chr1-119747586-121609789	cluster10_h1tg000011l:1254884-2753082_1110000-1119999	none
HG00512	1	chr1-119747586-121609789	cluster10_h1tg000011l:1254884-2753082_1100000-1109999	H2
HG00512	1	chr1-119747586-121609789	cluster10_h1tg000011l:1254884-2753082_1090000-1099999	H2
HG00512	1	chr1-119747586-121609789	cluster10_h1tg000011l:1254884-2753082_1080000-1089999	H2
HG00512	1	chr1-119747586-121609789	cluster10_h1tg000011l:1254884-2753082_1070000-1079999	H2
HG00512	1	chr1-119747586-121609789	cluster10_h1tg000011l:1254884-2753082_1060000-1069999	H2
HG00512	1	chr1-119747586-121609789	cluster10_h1tg000011l:1254884-2753082_1050000-1059999	H2
HG00512	1	chr1-119747586-121609789	cluster10_h1tg000011l:1254884-2753082_1040000-1049999	none
HG00512	1	chr1-119747586-121609789	cluster10_h1tg000011l:1254884-2753082_1030000-1039999	H2
HG00512	1	chr1-119747586-121609789	cluster10_h1tg000011l:1254884-2753082_1020000-1029999	H2
HG00512	1	chr1-119747586-121609789	cluster10_h1tg000011l:1254884-2753082_1010000-1019999	H2
HG00512	1	chr1-119747586-121609789	cluster10_h1tg000011l:1254884-2753082_1000000-1009999	none
HG00512	1	chr1-119747586-121609789	cluster10_h1tg000011l:1254884-2753082_990000-999999	H2
HG00512	1	chr1-119747586-121609789	cluster10_h1tg000011l:1254884-2753082_980000-989999	H2
HG00512	1	chr1-119747586-121609789	cluster10_h1tg000011l:1254884-2753082_970000-979999	H2
HG00512	1	chr1-119747586-121609789	cluster10_h1tg000011l:1254884-2753082_960000-969999	none
HG00512	1	chr1-119747586-121609789	cluster10_h1tg000011l:1254884-2753082_930000-939999	H2
HG00512	1	chr1-119747586-121609789	cluster10_h1tg000011l:1254884-2753082_680000-689999	none
HG00512	1	chr1-119747586-121609789	cluster10_h1tg000011l:1254884-2753082_690000-699999	H2
HG00512	1	chr1-119747586-121609789	cluster10_h1tg000011l:1254884-2753082_700000-709999	H2
HG00512	1	chr1-119747586-121609789	cluster10_h1tg000011l:1254884-2753082_710000-719999	H2
HG00512	1	chr1-119747586-121609789	cluster10_h1tg000011l:1254884-2753082_720000-729999	H2
HG00512	1	chr1-119747586-121609789	cluster10_h1tg000011l:1254884-2753082_730000-739999	H2
HG00512	1	chr1-119747586-121609789	cluster10_h1tg000011l:1254884-2753082_740000-749999	H2
HG00512	1	chr1-119747586-121609789	cluster10_h1tg000011l:1254884-2753082_750000-759999	H2
HG00512	1	chr1-119747586-121609789	cluster10_h1tg000011l:1254884-2753082_760000-769999	H2
HG00512	1	chr1-119747586-121609789	cluster10_h1tg000011l:1254884-2753082_770000-779999	H2
HG00512	1	chr1-119747586-121609789	cluster10_h1tg000011l:1254884-2753082_780000-789999	H2
HG00512	1	chr1-119747586-121609789	cluster10_h1tg000011l:1254884-2753082_790000-799999	H2
HG00512	1	chr1-119747586-121609789	cluster10_h1tg000011l:1254884-2753082_800000-809999	H2
HG00512	1	chr1-119747586-121609789	cluster10_h1tg000011l:1254884-2753082_810000-819999	H2
HG00512	1	chr1-119747586-121609789	cluster10_h1tg000011l:1254884-2753082_820000-829999	H2
HG00512	1	chr1-119747586-121609789	cluster10_h1tg000011l:1254884-2753082_830000-839999	H2
HG00512	1	chr1-119747586-121609789	cluster10_h1tg000011l:1254884-2753082_840000-849999	H2
HG00512	1	chr1-119747586-121609789	cluster10_h1tg000011l:1254884-2753082_850000-859999	H2
HG00512	1	chr1-119747586-121609789	cluster10_h1tg000011l:1254884-2753082_860000-869999	H2
HG00512	1	chr1-119747586-121609789	cluster10_h1tg000011l:1254884-2753082_870000-879999	H2
HG00512	1	chr1-119747586-121609789	cluster10_h1tg000011l:1254884-2753082_880000-889999	H2
HG00512	1	chr1-119747586-121609789	cluster10_h1tg000011l:1254884-2753082_890000-899999	H2
HG00512	1	chr1-119747586-121609789	cluster10_h1tg000011l:1254884-2753082_900000-909999	H2
HG00512	1	chr1-119747586-121609789	cluster10_h1tg000011l:1254884-2753082_910000-919999	H2
HG00512	1	chr1-119747586-121609789	cluster10_h1tg000011l:1254884-2753082_920000-929999	H2
HG00512	1	chr1-119747586-121609789	cluster10_h1tg000011l:1254884-2753082_940000-949999	none
HG00512	1	chr1-119747586-121609789	cluster10_h1tg000011l:1254884-2753082_950000-959999	none
HG00512	1	chr1-119747586-121609789	cluster10_h1tg000011l:1254884-2753082_670000-679999	H2
HG00512	1	chr1-119747586-121609789	cluster10_h1tg000011l:1254884-2753082_660000-669999	H2
HG00512	1	chr1-119747586-121609789	cluster10_h1tg000011l:1254884-2753082_650000-659999	H1
HG00512	1	chr1-119747586-121609789	cluster10_h1tg000011l:1254884-2753082_640000-649999	H1
HG00512	1	chr1-119747586-121609789	cluster10_h1tg000011l:1254884-2753082_630000-639999	H1
HG00512	1	chr1-119747586-121609789	cluster10_h1tg000011l:1254884-2753082_620000-629999	H1
HG00512	1	chr1-119747586-121609789	cluster10_h1tg000011l:1254884-2753082_610000-619999	H1
HG00512	1	chr1-119747586-121609789	cluster10_h1tg000011l:1254884-2753082_600000-609999	H2
HG00512	1	chr1-119747586-121609789	cluster10_h1tg000011l:1254884-2753082_590000-599999	H2
HG00512	1	chr1-119747586-121609789	cluster10_h1tg000011l:1254884-2753082_580000-589999	H1
HG00512	1	chr1-119747586-121609789	cluster10_h1tg000011l:1254884-2753082_570000-579999	H1
HG00512	1	chr1-119747586-121609789	cluster10_h1tg000011l:1254884-2753082_560000-569999	H1
HG00512	1	chr1-119747586-121609789	cluster10_h1tg000011l:1254884-2753082_550000-559999	H1
HG00512	1	chr1-119747586-121609789	cluster10_h1tg000011l:1254884-2753082_540000-549999	H1
HG00512	1	chr1-119747586-121609789	cluster10_h1tg000011l:1254884-2753082_530000-539999	H1
HG00512	1	chr1-119747586-121609789	cluster10_h1tg000011l:1254884-2753082_520000-529999	H1
HG00512	1	chr1-119747586-121609789	cluster10_h1tg000011l:1254884-2753082_510000-519999	H1
HG00512	1	chr1-119747586-121609789	cluster10_h1tg000011l:1254884-2753082_500000-509999	H1
HG00512	1	chr1-119747586-121609789	cluster10_h1tg000011l:1254884-2753082_490000-499999	H1
HG00512	1	chr1-119747586-121609789	cluster10_h1tg000011l:1254884-2753082_480000-489999	H1
HG00512	1	chr1-119747586-121609789	cluster10_h1tg000011l:1254884-2753082_470000-479999	H1
HG00512	1	chr1-119747586-121609789	cluster10_h1tg000011l:1254884-2753082_460000-469999	H1
HG00512	1	chr1-119747586-121609789	cluster10_h1tg000011l:1254884-2753082_450000-459999	H1
HG00512	1	chr1-119747586-121609789	cluster10_h1tg000011l:1254884-2753082_440000-449999	H1
HG00512	1	chr1-119747586-121609789	cluster10_h1tg000011l:1254884-2753082_430000-439999	H1
HG00512	1	chr1-119747586-121609789	cluster10_h1tg000011l:1254884-2753082_420000-429999	H1
HG00512	1	chr1-119747586-121609789	cluster10_h1tg000011l:1254884-2753082_410000-419999	H1
HG00512	1	chr1-119747586-121609789	cluster10_h1tg000011l:1254884-2753082_400000-409999	H1
HG00512	1	chr1-119747586-121609789	cluster10_h1tg000011l:1254884-2753082_390000-399999	H1
HG00512	1	chr1-119747586-121609789	cluster10_h1tg000011l:1254884-2753082_380000-389999	H1
HG00512	1	chr1-119747586-121609789	cluster10_h1tg000011l:1254884-2753082_370000-379999	H1
HG00512	1	chr1-119747586-121609789	cluster10_h1tg000011l:1254884-2753082_360000-369999	H1
HG00512	1	chr1-119747586-121609789	cluster10_h1tg000011l:1254884-2753082_350000-359999	H1
HG00512	1	chr1-119747586-121609789	cluster10_h1tg000011l:1254884-2753082_340000-349999	H1
HG00512	1	chr1-119747586-121609789	cluster10_h1tg000011l:1254884-2753082_330000-339999	H1
HG00512	1	chr1-119747586-121609789	cluster10_h1tg000011l:1254884-2753082_320000-329999	H1
HG00512	1	chr1-119747586-121609789	cluster10_h1tg000011l:1254884-2753082_310000-319999	H1
HG00512	1	chr1-119747586-121609789	cluster10_h1tg000011l:1254884-2753082_300000-309999	H1
HG00512	1	chr1-119747586-121609789	cluster10_h1tg000011l:1254884-2753082_290000-299999	H1
HG00512	1	chr1-119747586-121609789	cluster10_h1tg000011l:1254884-2753082_280000-289999	H1
HG00512	1	chr1-119747586-121609789	cluster10_h1tg000011l:1254884-2753082_270000-279999	H1
HG00512	1	chr1-119747586-121609789	cluster10_h1tg000011l:1254884-2753082_260000-269999	H1
HG00512	1	chr1-119747586-121609789	cluster10_h1tg000011l:1254884-2753082_250000-259999	H1
HG00512	1	chr1-119747586-121609789	cluster10_h1tg000011l:1254884-2753082_240000-249999	H1
HG00512	1	chr1-119747586-121609789	cluster10_h1tg000011l:1254884-2753082_230000-239999	H1
HG00512	1	chr1-119747586-121609789	cluster10_h1tg000011l:1254884-2753082_220000-229999	H1
HG00512	1	chr1-119747586-121609789	cluster10_h1tg000011l:1254884-2753082_210000-219999	H1
HG00512	1	chr1-119747586-121609789	cluster10_h1tg000011l:1254884-2753082_200000-209999	H1
HG00512	1	chr1-119747586-121609789	cluster10_h1tg000011l:1254884-2753082_190000-199999	H1
HG00512	1	chr1-119747586-121609789	cluster10_h1tg000011l:1254884-2753082_180000-189999	H1
HG00512	1	chr1-119747586-121609789	cluster10_h1tg000011l:1254884-2753082_170000-179999	H1
HG00512	1	chr1-119747586-121609789	cluster10_h1tg000011l:1254884-2753082_160000-169999	H1
HG00512	1	chr1-119747586-121609789	cluster10_h1tg000011l:1254884-2753082_150000-159999	H1
HG00512	1	chr1-119747586-121609789	cluster10_h1tg000011l:1254884-2753082_140000-149999	H1
HG00512	1	chr1-119747586-121609789	cluster10_h1tg000011l:1254884-2753082_130000-139999	H1
HG00512	1	chr1-119747586-121609789	cluster10_h1tg000011l:1254884-2753082_120000-129999	H1
HG00512	1	chr1-119747586-121609789	cluster10_h1tg000011l:1254884-2753082_110000-119999	H2
HG00512	1	chr1-119747586-121609789	cluster10_h1tg000011l:1254884-2753082_100000-109999	H1
HG00512	1	chr1-119747586-121609789	cluster10_h1tg000011l:1254884-2753082_90000-99999	H1
HG00512	1	chr1-119747586-121609789	cluster10_h1tg000011l:1254884-2753082_80000-89999	H1
HG00512	1	chr1-119747586-121609789	cluster10_h1tg000011l:1254884-2753082_70000-79999	H1
HG00512	1	chr1-119747586-121609789	cluster10_h1tg000011l:1254884-2753082_60000-69999	H1
HG00512	1	chr1-119747586-121609789	cluster10_h1tg000011l:1254884-2753082_50000-59999	H1
HG00512	1	chr1-119747586-121609789	cluster10_h1tg000011l:1254884-2753082_40000-49999	H1
HG00512	1	chr1-119747586-121609789	cluster10_h1tg000011l:1254884-2753082_30000-39999	H1
HG00512	1	chr1-119747586-121609789	cluster10_h1tg000011l:1254884-2753082_20000-29999	H1
HG00512	1	chr1-119747586-121609789	cluster10_h1tg000011l:1254884-2753082_10000-19999	H1
HG00512	1	chr1-119747586-121609789	cluster10_h1tg000011l:1254884-2753082_0-9999	H1
