GM19434	2	chr1-119747586-121609789	h2tg000228l:16462884-17716411_0-9999	none
GM19434	2	chr1-119747586-121609789	h2tg000228l:16462884-17716411_10000-19999	none
GM19434	2	chr1-119747586-121609789	h2tg000228l:16462884-17716411_20000-29999	none
GM19434	2	chr1-119747586-121609789	h2tg000228l:16462884-17716411_30000-39999	none
GM19434	2	chr1-119747586-121609789	h2tg000228l:16462884-17716411_40000-49999	none
GM19434	2	chr1-119747586-121609789	h2tg000228l:16462884-17716411_50000-59999	none
GM19434	2	chr1-119747586-121609789	h2tg000228l:16462884-17716411_60000-69999	none
GM19434	2	chr1-119747586-121609789	h2tg000228l:16462884-17716411_70000-79999	none
GM19434	2	chr1-119747586-121609789	h2tg000228l:16462884-17716411_80000-89999	none
GM19434	2	chr1-119747586-121609789	h2tg000228l:16462884-17716411_90000-99999	none
GM19434	2	chr1-119747586-121609789	h2tg000228l:16462884-17716411_100000-109999	none
GM19434	2	chr1-119747586-121609789	h2tg000228l:16462884-17716411_110000-119999	none
GM19434	2	chr1-119747586-121609789	h2tg000228l:16462884-17716411_120000-129999	none
GM19434	2	chr1-119747586-121609789	h2tg000228l:16462884-17716411_130000-139999	none
GM19434	2	chr1-119747586-121609789	h2tg000228l:16462884-17716411_140000-149999	H2
GM19434	2	chr1-119747586-121609789	h2tg000228l:16462884-17716411_150000-159999	H2
GM19434	2	chr1-119747586-121609789	h2tg000228l:16462884-17716411_160000-169999	H2
GM19434	2	chr1-119747586-121609789	h2tg000228l:16462884-17716411_170000-179999	H2
GM19434	2	chr1-119747586-121609789	h2tg000228l:16462884-17716411_180000-189999	H2
GM19434	2	chr1-119747586-121609789	h2tg000228l:16462884-17716411_190000-199999	H2
GM19434	2	chr1-119747586-121609789	h2tg000228l:16462884-17716411_200000-209999	H2
GM19434	2	chr1-119747586-121609789	h2tg000228l:16462884-17716411_210000-219999	H2
GM19434	2	chr1-119747586-121609789	h2tg000228l:16462884-17716411_220000-229999	H2
GM19434	2	chr1-119747586-121609789	h2tg000228l:16462884-17716411_230000-239999	H2
GM19434	2	chr1-119747586-121609789	h2tg000228l:16462884-17716411_240000-249999	H2
GM19434	2	chr1-119747586-121609789	h2tg000228l:16462884-17716411_250000-259999	H2
GM19434	2	chr1-119747586-121609789	h2tg000228l:16462884-17716411_260000-269999	H2
GM19434	2	chr1-119747586-121609789	h2tg000228l:16462884-17716411_270000-279999	H2
GM19434	2	chr1-119747586-121609789	h2tg000228l:16462884-17716411_280000-289999	H2
GM19434	2	chr1-119747586-121609789	h2tg000228l:16462884-17716411_290000-299999	H2
GM19434	2	chr1-119747586-121609789	h2tg000228l:16462884-17716411_300000-309999	H2
GM19434	2	chr1-119747586-121609789	h2tg000228l:16462884-17716411_310000-319999	H2
GM19434	2	chr1-119747586-121609789	h2tg000228l:16462884-17716411_320000-329999	H2
GM19434	2	chr1-119747586-121609789	h2tg000228l:16462884-17716411_330000-339999	H2
GM19434	2	chr1-119747586-121609789	h2tg000228l:16462884-17716411_340000-349999	H2
GM19434	2	chr1-119747586-121609789	h2tg000228l:16462884-17716411_350000-359999	H1
GM19434	2	chr1-119747586-121609789	h2tg000228l:16462884-17716411_360000-369999	none
GM19434	2	chr1-119747586-121609789	h2tg000228l:16462884-17716411_370000-379999	H2
GM19434	2	chr1-119747586-121609789	h2tg000228l:16462884-17716411_380000-389999	H2
GM19434	2	chr1-119747586-121609789	h2tg000228l:16462884-17716411_390000-399999	H2
GM19434	2	chr1-119747586-121609789	h2tg000228l:16462884-17716411_400000-409999	H2
GM19434	2	chr1-119747586-121609789	h2tg000228l:16462884-17716411_410000-419999	H2
GM19434	2	chr1-119747586-121609789	h2tg000228l:16462884-17716411_420000-429999	H2
GM19434	2	chr1-119747586-121609789	h2tg000228l:16462884-17716411_430000-439999	H2
GM19434	2	chr1-119747586-121609789	h2tg000228l:16462884-17716411_440000-449999	none
GM19434	2	chr1-119747586-121609789	h2tg000228l:16462884-17716411_450000-459999	H1
GM19434	2	chr1-119747586-121609789	h2tg000228l:16462884-17716411_460000-469999	none
GM19434	2	chr1-119747586-121609789	h2tg000228l:16462884-17716411_470000-479999	none
GM19434	2	chr1-119747586-121609789	h2tg000228l:16462884-17716411_480000-489999	H1
GM19434	2	chr1-119747586-121609789	h2tg000228l:16462884-17716411_520000-529999	H1
GM19434	2	chr1-119747586-121609789	h2tg000228l:16462884-17716411_550000-559999	none
GM19434	2	chr1-119747586-121609789	h2tg000228l:16462884-17716411_790000-799999	H1
GM19434	2	chr1-119747586-121609789	h2tg000228l:16462884-17716411_780000-789999	H1
GM19434	2	chr1-119747586-121609789	h2tg000228l:16462884-17716411_770000-779999	H1
GM19434	2	chr1-119747586-121609789	h2tg000228l:16462884-17716411_760000-769999	H1
GM19434	2	chr1-119747586-121609789	h2tg000228l:16462884-17716411_750000-759999	H1
GM19434	2	chr1-119747586-121609789	h2tg000228l:16462884-17716411_740000-749999	H1
GM19434	2	chr1-119747586-121609789	h2tg000228l:16462884-17716411_730000-739999	H1
GM19434	2	chr1-119747586-121609789	h2tg000228l:16462884-17716411_720000-729999	H1
GM19434	2	chr1-119747586-121609789	h2tg000228l:16462884-17716411_710000-719999	H1
GM19434	2	chr1-119747586-121609789	h2tg000228l:16462884-17716411_700000-709999	H1
GM19434	2	chr1-119747586-121609789	h2tg000228l:16462884-17716411_690000-699999	H1
GM19434	2	chr1-119747586-121609789	h2tg000228l:16462884-17716411_680000-689999	H2
GM19434	2	chr1-119747586-121609789	h2tg000228l:16462884-17716411_670000-679999	H2
GM19434	2	chr1-119747586-121609789	h2tg000228l:16462884-17716411_660000-669999	H2
GM19434	2	chr1-119747586-121609789	h2tg000228l:16462884-17716411_650000-659999	H2
GM19434	2	chr1-119747586-121609789	h2tg000228l:16462884-17716411_640000-649999	H2
GM19434	2	chr1-119747586-121609789	h2tg000228l:16462884-17716411_630000-639999	H2
GM19434	2	chr1-119747586-121609789	h2tg000228l:16462884-17716411_620000-629999	H2
GM19434	2	chr1-119747586-121609789	h2tg000228l:16462884-17716411_610000-619999	H2
GM19434	2	chr1-119747586-121609789	h2tg000228l:16462884-17716411_600000-609999	H2
GM19434	2	chr1-119747586-121609789	h2tg000228l:16462884-17716411_590000-599999	H2
GM19434	2	chr1-119747586-121609789	h2tg000228l:16462884-17716411_580000-589999	H2
GM19434	2	chr1-119747586-121609789	h2tg000228l:16462884-17716411_570000-579999	H2
GM19434	2	chr1-119747586-121609789	h2tg000228l:16462884-17716411_560000-569999	none
GM19434	2	chr1-119747586-121609789	h2tg000228l:16462884-17716411_540000-549999	none
GM19434	2	chr1-119747586-121609789	h2tg000228l:16462884-17716411_530000-539999	none
GM19434	2	chr1-119747586-121609789	h2tg000228l:16462884-17716411_510000-519999	H2
GM19434	2	chr1-119747586-121609789	h2tg000228l:16462884-17716411_500000-509999	H2
GM19434	2	chr1-119747586-121609789	h2tg000228l:16462884-17716411_490000-499999	H2
GM19434	2	chr1-119747586-121609789	h2tg000228l:16462884-17716411_800000-809999	none
GM19434	2	chr1-119747586-121609789	h2tg000228l:16462884-17716411_810000-819999	H2
GM19434	2	chr1-119747586-121609789	h2tg000228l:16462884-17716411_820000-829999	H2
GM19434	2	chr1-119747586-121609789	h2tg000228l:16462884-17716411_830000-839999	H2
GM19434	2	chr1-119747586-121609789	h2tg000228l:16462884-17716411_840000-849999	H2
GM19434	2	chr1-119747586-121609789	h2tg000228l:16462884-17716411_850000-859999	H2
GM19434	2	chr1-119747586-121609789	h2tg000228l:16462884-17716411_860000-869999	H2
GM19434	2	chr1-119747586-121609789	h2tg000228l:16462884-17716411_870000-879999	H2
GM19434	2	chr1-119747586-121609789	h2tg000228l:16462884-17716411_880000-889999	H2
GM19434	2	chr1-119747586-121609789	h2tg000228l:16462884-17716411_890000-899999	H2
GM19434	2	chr1-119747586-121609789	h2tg000228l:16462884-17716411_900000-909999	H2
GM19434	2	chr1-119747586-121609789	h2tg000228l:16462884-17716411_910000-919999	H2
GM19434	2	chr1-119747586-121609789	h2tg000228l:16462884-17716411_920000-929999	H2
GM19434	2	chr1-119747586-121609789	h2tg000228l:16462884-17716411_930000-939999	H2
GM19434	2	chr1-119747586-121609789	h2tg000228l:16462884-17716411_940000-949999	H2
GM19434	2	chr1-119747586-121609789	h2tg000228l:16462884-17716411_950000-959999	H2
GM19434	2	chr1-119747586-121609789	h2tg000228l:16462884-17716411_960000-969999	H2
GM19434	2	chr1-119747586-121609789	h2tg000228l:16462884-17716411_970000-979999	H2
GM19434	2	chr1-119747586-121609789	h2tg000228l:16462884-17716411_980000-989999	H2
GM19434	2	chr1-119747586-121609789	h2tg000228l:16462884-17716411_990000-999999	H1
GM19434	2	chr1-119747586-121609789	h2tg000228l:16462884-17716411_1000000-1009999	H1
GM19434	2	chr1-119747586-121609789	h2tg000228l:16462884-17716411_1010000-1019999	H1
GM19434	2	chr1-119747586-121609789	h2tg000228l:16462884-17716411_1020000-1029999	H1
GM19434	2	chr1-119747586-121609789	h2tg000228l:16462884-17716411_1030000-1039999	H1
GM19434	2	chr1-119747586-121609789	h2tg000228l:16462884-17716411_1040000-1049999	H1
GM19434	2	chr1-119747586-121609789	h2tg000228l:16462884-17716411_1050000-1059999	H1
GM19434	2	chr1-119747586-121609789	h2tg000228l:16462884-17716411_1060000-1069999	H1
GM19434	2	chr1-119747586-121609789	h2tg000228l:16462884-17716411_1070000-1079999	H1
GM19434	2	chr1-119747586-121609789	h2tg000228l:16462884-17716411_1080000-1089999	H1
GM19434	2	chr1-119747586-121609789	h2tg000228l:16462884-17716411_1090000-1099999	H1
GM19434	2	chr1-119747586-121609789	h2tg000228l:16462884-17716411_1100000-1109999	H1
GM19434	2	chr1-119747586-121609789	h2tg000228l:16462884-17716411_1110000-1119999	H1
GM19434	2	chr1-119747586-121609789	h2tg000228l:16462884-17716411_1120000-1129999	H2
GM19434	2	chr1-119747586-121609789	h2tg000228l:16462884-17716411_1130000-1139999	H2
GM19434	2	chr1-119747586-121609789	h2tg000228l:16462884-17716411_1140000-1149999	none
GM19434	2	chr1-119747586-121609789	h2tg000228l:16462884-17716411_1150000-1159999	H2
GM19434	2	chr1-119747586-121609789	h2tg000228l:16462884-17716411_1160000-1169999	none
GM19434	2	chr1-119747586-121609789	h2tg000228l:16462884-17716411_1170000-1179999	H2
GM19434	2	chr1-119747586-121609789	h2tg000228l:16462884-17716411_1180000-1189999	none
GM19434	2	chr1-119747586-121609789	h2tg000228l:16462884-17716411_1190000-1199999	H2
GM19434	2	chr1-119747586-121609789	h2tg000228l:16462884-17716411_1200000-1209999	H2
GM19434	2	chr1-119747586-121609789	h2tg000228l:16462884-17716411_1210000-1219999	H1
GM19434	2	chr1-119747586-121609789	h2tg000228l:16462884-17716411_1220000-1229999	H2
GM19434	2	chr1-119747586-121609789	h2tg000228l:16462884-17716411_1230000-1239999	H2
GM19434	2	chr1-119747586-121609789	h2tg000228l:16462884-17716411_1240000-1249999	H2
GM19434	2	chr1-119747586-121609789	h2tg000228l:16462884-17716411_1250000-1253526	none
