NA19240	2	chr1-119747586-121609789	cluster14_h2tg000027l:482-695898_0-9999	none
NA19240	2	chr1-119747586-121609789	cluster14_h2tg000027l:482-695898_10000-19999	H2
NA19240	2	chr1-119747586-121609789	cluster14_h2tg000027l:482-695898_20000-29999	H2
NA19240	2	chr1-119747586-121609789	cluster14_h2tg000027l:482-695898_30000-39999	H2
NA19240	2	chr1-119747586-121609789	cluster14_h2tg000027l:482-695898_40000-49999	H2
NA19240	2	chr1-119747586-121609789	cluster14_h2tg000027l:482-695898_50000-59999	H2
NA19240	2	chr1-119747586-121609789	cluster14_h2tg000027l:482-695898_60000-69999	H2
NA19240	2	chr1-119747586-121609789	cluster14_h2tg000027l:482-695898_70000-79999	H2
NA19240	2	chr1-119747586-121609789	cluster14_h2tg000027l:482-695898_80000-89999	H2
NA19240	2	chr1-119747586-121609789	cluster14_h2tg000027l:482-695898_90000-99999	H2
NA19240	2	chr1-119747586-121609789	cluster14_h2tg000027l:482-695898_100000-109999	H2
NA19240	2	chr1-119747586-121609789	cluster14_h2tg000027l:482-695898_110000-119999	H2
NA19240	2	chr1-119747586-121609789	cluster14_h2tg000027l:482-695898_120000-129999	H2
NA19240	2	chr1-119747586-121609789	cluster14_h2tg000027l:482-695898_130000-139999	H2
NA19240	2	chr1-119747586-121609789	cluster14_h2tg000027l:482-695898_140000-149999	H2
NA19240	2	chr1-119747586-121609789	cluster14_h2tg000027l:482-695898_150000-159999	H2
NA19240	2	chr1-119747586-121609789	cluster14_h2tg000027l:482-695898_160000-169999	H2
NA19240	2	chr1-119747586-121609789	cluster14_h2tg000027l:482-695898_170000-179999	H2
NA19240	2	chr1-119747586-121609789	cluster14_h2tg000027l:482-695898_180000-189999	H2
NA19240	2	chr1-119747586-121609789	cluster14_h2tg000027l:482-695898_190000-199999	H2
NA19240	2	chr1-119747586-121609789	cluster14_h2tg000027l:482-695898_200000-209999	none
NA19240	2	chr1-119747586-121609789	cluster14_h2tg000027l:482-695898_210000-219999	H2
NA19240	2	chr1-119747586-121609789	cluster14_h2tg000027l:482-695898_220000-229999	H2
NA19240	2	chr1-119747586-121609789	cluster14_h2tg000027l:482-695898_230000-239999	none
NA19240	2	chr1-119747586-121609789	cluster14_h2tg000027l:482-695898_240000-249999	H1
NA19240	2	chr1-119747586-121609789	cluster14_h2tg000027l:482-695898_250000-259999	H1
NA19240	2	chr1-119747586-121609789	cluster14_h2tg000027l:482-695898_260000-269999	H1
NA19240	2	chr1-119747586-121609789	cluster14_h2tg000027l:482-695898_270000-279999	H1
NA19240	2	chr1-119747586-121609789	cluster14_h2tg000027l:482-695898_280000-289999	none
NA19240	2	chr1-119747586-121609789	cluster14_h2tg000027l:482-695898_290000-299999	H1
NA19240	2	chr1-119747586-121609789	cluster14_h2tg000027l:482-695898_300000-309999	none
NA19240	2	chr1-119747586-121609789	cluster14_h2tg000027l:482-695898_310000-319999	H2
NA19240	2	chr1-119747586-121609789	cluster14_h2tg000027l:482-695898_320000-329999	H2
NA19240	2	chr1-119747586-121609789	cluster14_h2tg000027l:482-695898_330000-339999	H2
NA19240	2	chr1-119747586-121609789	cluster14_h2tg000027l:482-695898_340000-349999	H2
NA19240	2	chr1-119747586-121609789	cluster14_h2tg000027l:482-695898_350000-359999	H2
NA19240	2	chr1-119747586-121609789	cluster14_h2tg000027l:482-695898_360000-369999	H2
NA19240	2	chr1-119747586-121609789	cluster14_h2tg000027l:482-695898_370000-379999	H2
NA19240	2	chr1-119747586-121609789	cluster14_h2tg000027l:482-695898_380000-389999	none
NA19240	2	chr1-119747586-121609789	cluster14_h2tg000027l:482-695898_390000-399999	H2
NA19240	2	chr1-119747586-121609789	cluster14_h2tg000027l:482-695898_400000-409999	H2
NA19240	2	chr1-119747586-121609789	cluster14_h2tg000027l:482-695898_410000-419999	H2
NA19240	2	chr1-119747586-121609789	cluster14_h2tg000027l:482-695898_420000-429999	H2
NA19240	2	chr1-119747586-121609789	cluster14_h2tg000027l:482-695898_430000-439999	none
NA19240	2	chr1-119747586-121609789	cluster14_h2tg000027l:482-695898_440000-449999	H2
NA19240	2	chr1-119747586-121609789	cluster14_h2tg000027l:482-695898_450000-459999	H2
NA19240	2	chr1-119747586-121609789	cluster14_h2tg000027l:482-695898_460000-469999	H2
NA19240	2	chr1-119747586-121609789	cluster14_h2tg000027l:482-695898_470000-479999	none
NA19240	2	chr1-119747586-121609789	cluster14_h2tg000027l:482-695898_480000-489999	none
NA19240	2	chr1-119747586-121609789	cluster14_h2tg000027l:482-695898_490000-499999	H2
NA19240	2	chr1-119747586-121609789	cluster14_h2tg000027l:482-695898_500000-509999	H1
NA19240	2	chr1-119747586-121609789	cluster14_h2tg000027l:482-695898_510000-519999	H1
NA19240	2	chr1-119747586-121609789	cluster14_h2tg000027l:482-695898_520000-529999	none
NA19240	2	chr1-119747586-121609789	cluster14_h2tg000027l:482-695898_530000-539999	none
NA19240	2	chr1-119747586-121609789	cluster14_h2tg000027l:482-695898_540000-549999	H2
NA19240	2	chr1-119747586-121609789	cluster14_h2tg000027l:482-695898_550000-559999	none
NA19240	2	chr1-119747586-121609789	cluster14_h2tg000027l:482-695898_560000-569999	H2
NA19240	2	chr1-119747586-121609789	cluster14_h2tg000027l:482-695898_570000-579999	H2
NA19240	2	chr1-119747586-121609789	cluster14_h2tg000027l:482-695898_580000-589999	H2
NA19240	2	chr1-119747586-121609789	cluster14_h2tg000027l:482-695898_590000-599999	H2
NA19240	2	chr1-119747586-121609789	cluster14_h2tg000027l:482-695898_600000-609999	H2
NA19240	2	chr1-119747586-121609789	cluster14_h2tg000027l:482-695898_610000-619999	H2
NA19240	2	chr1-119747586-121609789	cluster14_h2tg000027l:482-695898_620000-629999	H2
NA19240	2	chr1-119747586-121609789	cluster14_h2tg000027l:482-695898_630000-639999	H2
NA19240	2	chr1-119747586-121609789	cluster14_h2tg000027l:482-695898_640000-649999	none
NA19240	2	chr1-119747586-121609789	cluster14_h2tg000027l:482-695898_650000-659999	none
NA19240	2	chr1-119747586-121609789	cluster14_h2tg000027l:482-695898_660000-669999	H1
NA19240	2	chr1-119747586-121609789	cluster14_h2tg000027l:482-695898_670000-679999	none
NA19240	2	chr1-119747586-121609789	cluster14_h2tg000027l:482-695898_680000-689999	H2
NA19240	2	chr1-119747586-121609789	cluster14_h2tg000027l:482-695898_690000-695415	none
