HG00733	1	chr1-119747586-121609789	cluster16_h1tg000010l:43719-1087751_1040000-1044031	H2
HG00733	1	chr1-119747586-121609789	cluster16_h1tg000010l:43719-1087751_1030000-1039999	H2
HG00733	1	chr1-119747586-121609789	cluster16_h1tg000010l:43719-1087751_1020000-1029999	H2
HG00733	1	chr1-119747586-121609789	cluster16_h1tg000010l:43719-1087751_1010000-1019999	H2
HG00733	1	chr1-119747586-121609789	cluster16_h1tg000010l:43719-1087751_1000000-1009999	H2
HG00733	1	chr1-119747586-121609789	cluster16_h1tg000010l:43719-1087751_990000-999999	H2
HG00733	1	chr1-119747586-121609789	cluster16_h1tg000010l:43719-1087751_980000-989999	H2
HG00733	1	chr1-119747586-121609789	cluster16_h1tg000010l:43719-1087751_970000-979999	H2
HG00733	1	chr1-119747586-121609789	cluster16_h1tg000010l:43719-1087751_960000-969999	none
HG00733	1	chr1-119747586-121609789	cluster16_h1tg000010l:43719-1087751_950000-959999	none
HG00733	1	chr1-119747586-121609789	cluster16_h1tg000010l:43719-1087751_940000-949999	H2
HG00733	1	chr1-119747586-121609789	cluster16_h1tg000010l:43719-1087751_930000-939999	none
HG00733	1	chr1-119747586-121609789	cluster16_h1tg000010l:43719-1087751_920000-929999	H2
HG00733	1	chr1-119747586-121609789	cluster16_h1tg000010l:43719-1087751_910000-919999	none
HG00733	1	chr1-119747586-121609789	cluster16_h1tg000010l:43719-1087751_900000-909999	none
HG00733	1	chr1-119747586-121609789	cluster16_h1tg000010l:43719-1087751_890000-899999	H2
HG00733	1	chr1-119747586-121609789	cluster16_h1tg000010l:43719-1087751_880000-889999	H2
HG00733	1	chr1-119747586-121609789	cluster16_h1tg000010l:43719-1087751_870000-879999	none
HG00733	1	chr1-119747586-121609789	cluster16_h1tg000010l:43719-1087751_860000-869999	H2
HG00733	1	chr1-119747586-121609789	cluster16_h1tg000010l:43719-1087751_850000-859999	none
HG00733	1	chr1-119747586-121609789	cluster16_h1tg000010l:43719-1087751_840000-849999	none
HG00733	1	chr1-119747586-121609789	cluster16_h1tg000010l:43719-1087751_830000-839999	H2
HG00733	1	chr1-119747586-121609789	cluster16_h1tg000010l:43719-1087751_820000-829999	none
HG00733	1	chr1-119747586-121609789	cluster16_h1tg000010l:43719-1087751_810000-819999	H2
HG00733	1	chr1-119747586-121609789	cluster16_h1tg000010l:43719-1087751_800000-809999	H2
HG00733	1	chr1-119747586-121609789	cluster16_h1tg000010l:43719-1087751_790000-799999	H2
HG00733	1	chr1-119747586-121609789	cluster16_h1tg000010l:43719-1087751_780000-789999	none
HG00733	1	chr1-119747586-121609789	cluster16_h1tg000010l:43719-1087751_770000-779999	H2
HG00733	1	chr1-119747586-121609789	cluster16_h1tg000010l:43719-1087751_760000-769999	none
HG00733	1	chr1-119747586-121609789	cluster16_h1tg000010l:43719-1087751_750000-759999	H2
HG00733	1	chr1-119747586-121609789	cluster16_h1tg000010l:43719-1087751_740000-749999	H1
HG00733	1	chr1-119747586-121609789	cluster16_h1tg000010l:43719-1087751_730000-739999	none
HG00733	1	chr1-119747586-121609789	cluster16_h1tg000010l:43719-1087751_720000-729999	none
HG00733	1	chr1-119747586-121609789	cluster16_h1tg000010l:43719-1087751_710000-719999	H2
HG00733	1	chr1-119747586-121609789	cluster16_h1tg000010l:43719-1087751_700000-709999	H2
HG00733	1	chr1-119747586-121609789	cluster16_h1tg000010l:43719-1087751_690000-699999	H2
HG00733	1	chr1-119747586-121609789	cluster16_h1tg000010l:43719-1087751_680000-689999	H2
HG00733	1	chr1-119747586-121609789	cluster16_h1tg000010l:43719-1087751_670000-679999	H2
HG00733	1	chr1-119747586-121609789	cluster16_h1tg000010l:43719-1087751_660000-669999	H2
HG00733	1	chr1-119747586-121609789	cluster16_h1tg000010l:43719-1087751_650000-659999	H2
HG00733	1	chr1-119747586-121609789	cluster16_h1tg000010l:43719-1087751_640000-649999	H2
HG00733	1	chr1-119747586-121609789	cluster16_h1tg000010l:43719-1087751_630000-639999	H2
HG00733	1	chr1-119747586-121609789	cluster16_h1tg000010l:43719-1087751_620000-629999	H2
HG00733	1	chr1-119747586-121609789	cluster16_h1tg000010l:43719-1087751_610000-619999	H2
HG00733	1	chr1-119747586-121609789	cluster16_h1tg000010l:43719-1087751_600000-609999	H2
HG00733	1	chr1-119747586-121609789	cluster16_h1tg000010l:43719-1087751_590000-599999	H1
HG00733	1	chr1-119747586-121609789	cluster16_h1tg000010l:43719-1087751_580000-589999	H2
HG00733	1	chr1-119747586-121609789	cluster16_h1tg000010l:43719-1087751_570000-579999	H2
HG00733	1	chr1-119747586-121609789	cluster16_h1tg000010l:43719-1087751_560000-569999	H2
HG00733	1	chr1-119747586-121609789	cluster16_h1tg000010l:43719-1087751_550000-559999	H2
HG00733	1	chr1-119747586-121609789	cluster16_h1tg000010l:43719-1087751_540000-549999	none
HG00733	1	chr1-119747586-121609789	cluster16_h1tg000010l:43719-1087751_530000-539999	H2
HG00733	1	chr1-119747586-121609789	cluster16_h1tg000010l:43719-1087751_160000-169999	H1
HG00733	1	chr1-119747586-121609789	cluster16_h1tg000010l:43719-1087751_520000-529999	H2
HG00733	1	chr1-119747586-121609789	cluster16_h1tg000010l:43719-1087751_170000-179999	H1
HG00733	1	chr1-119747586-121609789	cluster16_h1tg000010l:43719-1087751_510000-519999	H2
HG00733	1	chr1-119747586-121609789	cluster16_h1tg000010l:43719-1087751_180000-189999	none
HG00733	1	chr1-119747586-121609789	cluster16_h1tg000010l:43719-1087751_500000-509999	none
HG00733	1	chr1-119747586-121609789	cluster16_h1tg000010l:43719-1087751_190000-199999	none
HG00733	1	chr1-119747586-121609789	cluster16_h1tg000010l:43719-1087751_490000-499999	none
HG00733	1	chr1-119747586-121609789	cluster16_h1tg000010l:43719-1087751_480000-489999	none
HG00733	1	chr1-119747586-121609789	cluster16_h1tg000010l:43719-1087751_220000-229999	none
HG00733	1	chr1-119747586-121609789	cluster16_h1tg000010l:43719-1087751_230000-239999	none
HG00733	1	chr1-119747586-121609789	cluster16_h1tg000010l:43719-1087751_240000-249999	H2
HG00733	1	chr1-119747586-121609789	cluster16_h1tg000010l:43719-1087751_250000-259999	none
HG00733	1	chr1-119747586-121609789	cluster16_h1tg000010l:43719-1087751_260000-269999	H2
HG00733	1	chr1-119747586-121609789	cluster16_h1tg000010l:43719-1087751_270000-279999	none
HG00733	1	chr1-119747586-121609789	cluster16_h1tg000010l:43719-1087751_280000-289999	none
HG00733	1	chr1-119747586-121609789	cluster16_h1tg000010l:43719-1087751_290000-299999	H2
HG00733	1	chr1-119747586-121609789	cluster16_h1tg000010l:43719-1087751_300000-309999	none
HG00733	1	chr1-119747586-121609789	cluster16_h1tg000010l:43719-1087751_310000-319999	none
HG00733	1	chr1-119747586-121609789	cluster16_h1tg000010l:43719-1087751_320000-329999	H1
HG00733	1	chr1-119747586-121609789	cluster16_h1tg000010l:43719-1087751_330000-339999	H1
HG00733	1	chr1-119747586-121609789	cluster16_h1tg000010l:43719-1087751_340000-349999	H1
HG00733	1	chr1-119747586-121609789	cluster16_h1tg000010l:43719-1087751_350000-359999	none
HG00733	1	chr1-119747586-121609789	cluster16_h1tg000010l:43719-1087751_360000-369999	H2
HG00733	1	chr1-119747586-121609789	cluster16_h1tg000010l:43719-1087751_370000-379999	none
HG00733	1	chr1-119747586-121609789	cluster16_h1tg000010l:43719-1087751_380000-389999	none
HG00733	1	chr1-119747586-121609789	cluster16_h1tg000010l:43719-1087751_390000-399999	none
HG00733	1	chr1-119747586-121609789	cluster16_h1tg000010l:43719-1087751_400000-409999	H1
HG00733	1	chr1-119747586-121609789	cluster16_h1tg000010l:43719-1087751_410000-419999	none
HG00733	1	chr1-119747586-121609789	cluster16_h1tg000010l:43719-1087751_420000-429999	none
HG00733	1	chr1-119747586-121609789	cluster16_h1tg000010l:43719-1087751_430000-439999	none
HG00733	1	chr1-119747586-121609789	cluster16_h1tg000010l:43719-1087751_440000-449999	none
HG00733	1	chr1-119747586-121609789	cluster16_h1tg000010l:43719-1087751_450000-459999	H2
HG00733	1	chr1-119747586-121609789	cluster16_h1tg000010l:43719-1087751_460000-469999	H2
HG00733	1	chr1-119747586-121609789	cluster16_h1tg000010l:43719-1087751_470000-479999	H2
HG00733	1	chr1-119747586-121609789	cluster16_h1tg000010l:43719-1087751_210000-219999	none
HG00733	1	chr1-119747586-121609789	cluster16_h1tg000010l:43719-1087751_200000-209999	H1
HG00733	1	chr1-119747586-121609789	cluster16_h1tg000010l:43719-1087751_150000-159999	H2
HG00733	1	chr1-119747586-121609789	cluster16_h1tg000010l:43719-1087751_140000-149999	H2
HG00733	1	chr1-119747586-121609789	cluster16_h1tg000010l:43719-1087751_130000-139999	H2
HG00733	1	chr1-119747586-121609789	cluster16_h1tg000010l:43719-1087751_120000-129999	H2
HG00733	1	chr1-119747586-121609789	cluster16_h1tg000010l:43719-1087751_110000-119999	H2
HG00733	1	chr1-119747586-121609789	cluster16_h1tg000010l:43719-1087751_100000-109999	H2
HG00733	1	chr1-119747586-121609789	cluster16_h1tg000010l:43719-1087751_90000-99999	H2
HG00733	1	chr1-119747586-121609789	cluster16_h1tg000010l:43719-1087751_80000-89999	none
HG00733	1	chr1-119747586-121609789	cluster16_h1tg000010l:43719-1087751_70000-79999	none
HG00733	1	chr1-119747586-121609789	cluster16_h1tg000010l:43719-1087751_60000-69999	none
HG00733	1	chr1-119747586-121609789	cluster16_h1tg000010l:43719-1087751_50000-59999	none
HG00733	1	chr1-119747586-121609789	cluster16_h1tg000010l:43719-1087751_40000-49999	none
HG00733	1	chr1-119747586-121609789	cluster16_h1tg000010l:43719-1087751_30000-39999	none
HG00733	1	chr1-119747586-121609789	cluster16_h1tg000010l:43719-1087751_20000-29999	none
HG00733	1	chr1-119747586-121609789	cluster16_h1tg000010l:43719-1087751_10000-19999	none
HG00733	1	chr1-119747586-121609789	cluster16_h1tg000010l:43719-1087751_0-9999	none
