GM19434	1	chr9-87850116-88213897	h1tg000077l:6106937-6478912_370000-371974	H2
GM19434	1	chr9-87850116-88213897	h1tg000077l:6106937-6478912_360000-369999	H2
GM19434	1	chr9-87850116-88213897	h1tg000077l:6106937-6478912_350000-359999	H2
GM19434	1	chr9-87850116-88213897	h1tg000077l:6106937-6478912_340000-349999	H2
GM19434	1	chr9-87850116-88213897	h1tg000077l:6106937-6478912_330000-339999	H2
GM19434	1	chr9-87850116-88213897	h1tg000077l:6106937-6478912_320000-329999	H2
GM19434	1	chr9-87850116-88213897	h1tg000077l:6106937-6478912_310000-319999	H2
GM19434	1	chr9-87850116-88213897	h1tg000077l:6106937-6478912_300000-309999	H2
GM19434	1	chr9-87850116-88213897	h1tg000077l:6106937-6478912_290000-299999	H2
GM19434	1	chr9-87850116-88213897	h1tg000077l:6106937-6478912_280000-289999	H2
GM19434	1	chr9-87850116-88213897	h1tg000077l:6106937-6478912_270000-279999	H2
GM19434	1	chr9-87850116-88213897	h1tg000077l:6106937-6478912_260000-269999	H2
GM19434	1	chr9-87850116-88213897	h1tg000077l:6106937-6478912_250000-259999	H2
GM19434	1	chr9-87850116-88213897	h1tg000077l:6106937-6478912_240000-249999	H2
GM19434	1	chr9-87850116-88213897	h1tg000077l:6106937-6478912_230000-239999	H2
GM19434	1	chr9-87850116-88213897	h1tg000077l:6106937-6478912_220000-229999	H2
GM19434	1	chr9-87850116-88213897	h1tg000077l:6106937-6478912_210000-219999	H2
GM19434	1	chr9-87850116-88213897	h1tg000077l:6106937-6478912_200000-209999	H2
GM19434	1	chr9-87850116-88213897	h1tg000077l:6106937-6478912_190000-199999	H2
GM19434	1	chr9-87850116-88213897	h1tg000077l:6106937-6478912_180000-189999	H2
GM19434	1	chr9-87850116-88213897	h1tg000077l:6106937-6478912_170000-179999	H2
GM19434	1	chr9-87850116-88213897	h1tg000077l:6106937-6478912_160000-169999	H2
GM19434	1	chr9-87850116-88213897	h1tg000077l:6106937-6478912_150000-159999	H2
GM19434	1	chr9-87850116-88213897	h1tg000077l:6106937-6478912_140000-149999	H2
GM19434	1	chr9-87850116-88213897	h1tg000077l:6106937-6478912_130000-139999	H2
GM19434	1	chr9-87850116-88213897	h1tg000077l:6106937-6478912_120000-129999	H2
GM19434	1	chr9-87850116-88213897	h1tg000077l:6106937-6478912_110000-119999	H2
GM19434	1	chr9-87850116-88213897	h1tg000077l:6106937-6478912_100000-109999	H2
GM19434	1	chr9-87850116-88213897	h1tg000077l:6106937-6478912_90000-99999	H2
GM19434	1	chr9-87850116-88213897	h1tg000077l:6106937-6478912_80000-89999	H2
GM19434	1	chr9-87850116-88213897	h1tg000077l:6106937-6478912_70000-79999	H1
GM19434	1	chr9-87850116-88213897	h1tg000077l:6106937-6478912_60000-69999	H1
GM19434	1	chr9-87850116-88213897	h1tg000077l:6106937-6478912_50000-59999	H1
GM19434	1	chr9-87850116-88213897	h1tg000077l:6106937-6478912_40000-49999	H1
GM19434	1	chr9-87850116-88213897	h1tg000077l:6106937-6478912_30000-39999	H1
GM19434	1	chr9-87850116-88213897	h1tg000077l:6106937-6478912_20000-29999	H1
GM19434	1	chr9-87850116-88213897	h1tg000077l:6106937-6478912_0-9999	H1
