HG03452	1	chrX-154106432-154411329	h1tg000020l:4189593-4419738_0-9999	H1
HG03452	1	chrX-154106432-154411329	h1tg000020l:4189593-4419738_10000-19999	H1
HG03452	1	chrX-154106432-154411329	h1tg000020l:4189593-4419738_20000-29999	H1
HG03452	1	chrX-154106432-154411329	h1tg000020l:4189593-4419738_30000-39999	H1
HG03452	1	chrX-154106432-154411329	h1tg000020l:4189593-4419738_40000-49999	none
HG03452	1	chrX-154106432-154411329	h1tg000020l:4189593-4419738_80000-89999	none
HG03452	1	chrX-154106432-154411329	h1tg000020l:4189593-4419738_70000-79999	none
HG03452	1	chrX-154106432-154411329	h1tg000020l:4189593-4419738_50000-59999	H2
HG03452	1	chrX-154106432-154411329	h1tg000020l:4189593-4419738_90000-99999	none
HG03452	1	chrX-154106432-154411329	h1tg000020l:4189593-4419738_60000-69999	none
HG03452	1	chrX-154106432-154411329	h1tg000020l:4189593-4419738_100000-109999	none
HG03452	1	chrX-154106432-154411329	h1tg000020l:4189593-4419738_110000-119999	H2
HG03452	1	chrX-154106432-154411329	h1tg000020l:4189593-4419738_120000-129999	H2
HG03452	1	chrX-154106432-154411329	h1tg000020l:4189593-4419738_130000-139999	H2
HG03452	1	chrX-154106432-154411329	h1tg000020l:4189593-4419738_140000-149999	H2
HG03452	1	chrX-154106432-154411329	h1tg000020l:4189593-4419738_150000-159999	H2
HG03452	1	chrX-154106432-154411329	h1tg000020l:4189593-4419738_200000-209999	H2
HG03452	1	chrX-154106432-154411329	h1tg000020l:4189593-4419738_190000-199999	H2
HG03452	1	chrX-154106432-154411329	h1tg000020l:4189593-4419738_180000-189999	H2
HG03452	1	chrX-154106432-154411329	h1tg000020l:4189593-4419738_170000-179999	H2
HG03452	1	chrX-154106432-154411329	h1tg000020l:4189593-4419738_160000-169999	H2
HG03452	1	chrX-154106432-154411329	h1tg000020l:4189593-4419738_210000-219999	H2
HG03452	1	chrX-154106432-154411329	h1tg000020l:4189593-4419738_220000-229999	H2
