GM19434	2	chrX-49223962-49683246	h2tg000060l:9652-195726_10000-19999	none
GM19434	2	chrX-49223962-49683246	h2tg000060l:9652-195726_50000-59999	none
GM19434	2	chrX-49223962-49683246	h2tg000060l:9652-195726_70000-79999	none
GM19434	2	chrX-49223962-49683246	h2tg000060l:9652-195726_80000-89999	none
GM19434	2	chrX-49223962-49683246	h2tg000060l:9652-195726_90000-99999	none
GM19434	2	chrX-49223962-49683246	h2tg000060l:9652-195726_0-9999	none
GM19434	2	chrX-49223962-49683246	h2tg000060l:9652-195726_20000-29999	none
GM19434	2	chrX-49223962-49683246	h2tg000060l:9652-195726_40000-49999	none
GM19434	2	chrX-49223962-49683246	h2tg000060l:9652-195726_60000-69999	none
GM19434	2	chrX-49223962-49683246	h2tg000060l:9652-195726_30000-39999	none
GM19434	2	chrX-49223962-49683246	h2tg000060l:9652-195726_100000-109999	none
GM19434	2	chrX-49223962-49683246	h2tg000060l:9652-195726_110000-119999	H2
GM19434	2	chrX-49223962-49683246	h2tg000060l:9652-195726_120000-129999	none
GM19434	2	chrX-49223962-49683246	h2tg000060l:9652-195726_130000-139999	none
GM19434	2	chrX-49223962-49683246	h2tg000060l:9652-195726_140000-149999	H2
GM19434	2	chrX-49223962-49683246	h2tg000060l:9652-195726_150000-159999	H2
GM19434	2	chrX-49223962-49683246	h2tg000060l:9652-195726_160000-169999	H2
GM19434	2	chrX-49223962-49683246	h2tg000060l:9652-195726_170000-179999	H2
GM19434	2	chrX-49223962-49683246	h2tg000060l:9652-195726_180000-186073	none
